react-19.2.8	install=pass	typecheck=pass	build=pass	ssr-build=pass	ssr=pass	browser=pass
react-18.0.0-declared-peer	install=FAIL	typecheck=skipped	build=skipped	ssr-build=skipped	ssr=skipped	browser=skipped
react-18.0.0	install=pass	typecheck=FAIL	build=skipped	ssr-build=skipped	ssr=skipped	browser=skipped
react-18.0.0-types18.0.0-scheduler0.16.2	install=pass	typecheck=pass	build=pass	ssr-build=pass	ssr=pass	browser=pass
react-18.0.0-types18.3	install=pass	typecheck=pass	build=pass	ssr-build=pass	ssr=pass	browser=pass
shim-react-19.2.8	install=pass	typecheck=pass	build=pass	ssr-build=pass	ssr=pass	browser=pass
shim-react-18.0.0	install=pass	typecheck=pass	build=pass	ssr-build=pass	ssr=pass	browser=pass
shim-react-17.0.0	install=pass	typecheck=pass	build=pass	ssr-build=pass	ssr=pass	browser=pass
shim-react-16.8.0	install=pass	typecheck=FAIL	build=skipped	ssr-build=skipped	ssr=skipped	browser=skipped
shim-react-16.7.0-boundary	install=pass	typecheck=FAIL	build=skipped	ssr-build=skipped	ssr=skipped	browser=skipped
shim-react-16.8.0-types16.8.3	install=pass	typecheck=pass	build=pass	ssr-build=pass	ssr=FAIL	browser=skipped
shim-react-16.8.0-types16.14	install=pass	typecheck=pass	build=pass	ssr-build=pass	ssr=FAIL	browser=skipped
shim-react-16.7.0-boundary	install=pass	typecheck=pass	build=pass	ssr-build=pass	ssr=FAIL	browser=skipped
shim-react-16.8.0-ssr-bundled	install=pass	typecheck=pass	build=pass	ssr-build=pass	ssr=FAIL	browser=skipped
shim-react-16.14.0	install=pass	typecheck=pass	build=pass	ssr-build=pass	ssr=FAIL	browser=skipped
shim-react-16.8.0-ssr-bundled	install=pass	typecheck=pass	build=pass	ssr-build=pass	ssr=pass	browser=pass
shim-react-16.14.0-ssr-bundled	install=pass	typecheck=pass	build=pass	ssr-build=pass	ssr=pass	browser=pass
shim-react-16.7.0-boundary-ssr-bundled	install=pass	typecheck=pass	build=pass	ssr-build=pass	ssr=FAIL	browser=skipped
react-17.0.2-noshim-boundary	install=pass	typecheck=pass	build=pass	ssr-build=pass	ssr=FAIL	browser=skipped
vue-3.5.42	install=pass	typecheck=pass	build=pass	ssr-build=pass	ssr=pass	browser=pass
vue-3.2.0	install=pass	typecheck=FAIL	build=skipped	ssr-build=skipped	ssr=skipped	browser=skipped
vue-3.2.0-ts5.9.3	install=pass	typecheck=FAIL	build=skipped	ssr-build=skipped	ssr=skipped	browser=skipped
vue-3.2.0-runtime	install=pass	typecheck=not-run	build=pass	ssr-build=pass	ssr=pass	browser=pass
vue-3.3.0	install=pass	typecheck=FAIL	build=skipped	ssr-build=skipped	ssr=skipped	browser=skipped
vue-3.4.0	install=pass	typecheck=FAIL	build=skipped	ssr-build=skipped	ssr=skipped	browser=skipped
vue-3.5.0	install=pass	typecheck=FAIL	build=skipped	ssr-build=skipped	ssr=skipped	browser=skipped
vue-3.5.2	install=pass	typecheck=pass	build=pass	ssr-build=pass	ssr=pass	browser=pass
vue-3.5.1-boundary	install=pass	typecheck=FAIL	build=not-run	ssr-build=not-run	ssr=not-run	browser=not-run
vue-3.2.47-types	install=pass	typecheck=FAIL	build=not-run	ssr-build=not-run	ssr=not-run	browser=not-run
vuepatch-3.2.0	install=pass	typecheck=FAIL	build=skipped	ssr-build=skipped	ssr=skipped	browser=skipped
vuepatch-3.2.47	install=pass	typecheck=pass	build=pass	ssr-build=pass	ssr=pass	browser=pass
vuepatch-3.3.0	install=pass	typecheck=pass	build=pass	ssr-build=pass	ssr=pass	browser=pass
vuepatch-3.4.0	install=pass	typecheck=pass	build=pass	ssr-build=pass	ssr=pass	browser=pass
vuepatch-3.5.0	install=pass	typecheck=pass	build=pass	ssr-build=pass	ssr=pass	browser=pass
vuepatch-3.5.42	install=pass	typecheck=pass	build=pass	ssr-build=pass	ssr=pass	browser=pass
vuepatch-types-3.2.1	install=pass	typecheck=FAIL	build=not-run	ssr-build=not-run	ssr=not-run	browser=not-run
vuepatch-types-3.2.4	install=pass	typecheck=FAIL	build=not-run	ssr-build=not-run	ssr=not-run	browser=not-run
vuepatch-types-3.2.10	install=pass	typecheck=FAIL	build=not-run	ssr-build=not-run	ssr=not-run	browser=not-run
vuepatch-types-3.2.20	install=pass	typecheck=FAIL	build=not-run	ssr-build=not-run	ssr=not-run	browser=not-run
vuepatch-types-3.2.30	install=pass	typecheck=FAIL	build=not-run	ssr-build=not-run	ssr=not-run	browser=not-run
vuepatch-types-3.2.36	install=pass	typecheck=FAIL	build=not-run	ssr-build=not-run	ssr=not-run	browser=not-run
vuepatch-types-3.2.40	install=pass	typecheck=pass	build=not-run	ssr-build=not-run	ssr=not-run	browser=not-run
vuepatch-types-3.2.44	install=pass	typecheck=pass	build=not-run	ssr-build=not-run	ssr=not-run	browser=not-run
vuepatch-types-3.2.45	install=pass	typecheck=pass	build=not-run	ssr-build=not-run	ssr=not-run	browser=not-run
vuepatch-types-3.2.37	install=pass	typecheck=FAIL	build=not-run	ssr-build=not-run	ssr=not-run	browser=not-run
vuepatch-types-3.2.38	install=pass	typecheck=FAIL	build=not-run	ssr-build=not-run	ssr=not-run	browser=not-run
vuepatch-types-3.2.39	install=pass	typecheck=pass	build=not-run	ssr-build=not-run	ssr=not-run	browser=not-run
vuepatch-3.2.39	install=pass	typecheck=pass	build=pass	ssr-build=pass	ssr=pass	browser=pass
vue-3.1.5-boundary	install=pass	typecheck=not-run	build=FAIL	ssr-build=skipped	ssr=skipped	browser=skipped
